Gender,Unnamed: 0,CharacterID,MovieID
m,2,u2,m0
m,4,u4,m0
m,7,u7,m0
m,9,u9,m0
m,11,u11,m0
m,16,u16,m1
m,19,u19,m1
m,26,u26,m2
m,29,u29,m2
m,30,u30,m2
m,34,u34,m2
m,35,u35,m2
m,42,u42,m2
m,50,u50,m3
m,56,u56,m3
m,60,u60,m3
m,67,u67,m4
m,71,u71,m4
m,78,u78,m5
m,84,u84,m5
m,103,u103,m6
m,105,u105,m6
m,106,u106,m6
m,108,u108,m6
m,114,u114,m6
m,116,u116,m7
m,128,u128,m8
m,131,u131,m9
m,132,u132,m9
m,135,u135,m9
m,142,u142,m10
m,144,u144,m10
m,152,u152,m10
m,153,u153,m10
m,154,u154,m10
m,169,u169,m11
m,174,u174,m11
m,191,u191,m12
m,193,u193,m12
m,214,u214,m13
m,224,u224,m14
m,229,u229,m15
m,230,u230,m15
m,232,u232,m15
m,251,u251,m16
m,252,u252,m16
m,255,u255,m16
m,257,u257,m16
m,260,u260,m16
m,261,u261,m16
m,266,u266,m16
m,274,u274,m17
m,276,u276,m17
m,286,u286,m18
m,287,u287,m18
m,288,u288,m18
m,297,u297,m18
m,306,u306,m19
m,308,u308,m19
m,312,u312,m19
m,313,u313,m19
m,320,u320,m19
m,322,u322,m19
m,323,u323,m19
m,327,u327,m20
m,335,u335,m20
m,337,u337,m20
m,349,u349,m21
m,354,u354,m21
m,362,u362,m22
m,363,u363,m22
m,367,u367,m22
m,375,u375,m22
m,382,u382,m23
m,383,u383,m23
m,387,u387,m23
m,392,u392,m24
m,403,u403,m24
m,406,u406,m24
m,412,u412,m25
m,420,u420,m25
m,421,u421,m25
m,431,u431,m26
m,432,u432,m26
m,439,u439,m27
m,441,u441,m27
m,445,u445,m27
m,447,u447,m27
m,456,u456,m28
m,457,u457,m28
m,459,u459,m28
m,478,u478,m29
m,479,u479,m29
m,480,u480,m29
m,483,u483,m29
m,485,u485,m29
m,488,u488,m30
m,498,u498,m30
m,501,u501,m31
m,504,u504,m31
m,509,u509,m32
m,511,u511,m32
m,516,u516,m32
m,519,u519,m32
m,520,u520,m33
m,525,u525,m33
m,526,u526,m33
m,529,u529,m34
m,532,u532,m34
m,542,u542,m34
m,547,u547,m35
m,553,u553,m35
m,567,u567,m35
m,570,u570,m36
m,574,u574,m36
m,585,u585,m37
m,589,u589,m37
m,592,u592,m37
m,593,u593,m37
m,594,u594,m37
m,596,u596,m37
m,599,u599,m38
m,601,u601,m38
m,603,u603,m38
m,611,u611,m38
m,612,u612,m39
m,613,u613,m39
m,641,u641,m40
m,642,u642,m40
m,645,u645,m41
m,646,u646,m41
m,663,u663,m42
m,665,u665,m42
m,666,u666,m42
m,667,u667,m42
m,668,u668,m42
m,669,u669,m42
m,671,u671,m42
m,674,u674,m43
m,676,u676,m43
m,681,u681,m43
m,686,u686,m43
m,690,u690,m44
m,695,u695,m44
m,697,u697,m44
m,700,u700,m44
m,707,u707,m44
m,708,u708,m45
m,710,u710,m45
m,712,u712,m45
m,713,u713,m45
m,714,u714,m45
m,717,u717,m45
m,718,u718,m45
m,727,u727,m46
m,728,u728,m46
m,734,u734,m46
m,735,u735,m46
m,737,u737,m47
m,739,u739,m47
m,740,u740,m47
m,741,u741,m47
m,742,u742,m47
m,743,u743,m47
m,745,u745,m48
m,765,u765,m49
m,766,u766,m49
m,768,u768,m49
m,775,u775,m49
m,779,u779,m50
m,817,u817,m52
m,818,u818,m52
m,821,u821,m52
m,822,u822,m52
m,826,u826,m53
m,827,u827,m53
m,832,u832,m53
m,838,u838,m53
m,840,u840,m54
m,848,u848,m54
m,849,u849,m54
m,851,u851,m54
m,854,u854,m54
m,855,u855,m54
m,861,u861,m55
m,863,u863,m55
m,867,u867,m55
m,869,u869,m55
m,872,u872,m56
m,878,u878,m56
m,879,u879,m57
m,884,u884,m57
m,886,u886,m57
m,888,u888,m57
m,890,u890,m58
m,893,u893,m58
m,895,u895,m58
m,899,u899,m58
m,901,u901,m59
m,904,u904,m59
m,912,u912,m59
m,914,u914,m59
m,920,u920,m60
m,921,u921,m60
m,930,u930,m61
m,948,u948,m62
m,953,u953,m62
m,956,u956,m62
m,967,u967,m62
m,969,u969,m62
m,976,u976,m63
m,980,u980,m63
m,985,u985,m64
m,997,u997,m65
m,1003,u1003,m65
m,1005,u1005,m65
m,1008,u1008,m66
m,1019,u1019,m66
m,1023,u1023,m66
m,1024,u1024,m67
m,1036,u1036,m68
m,1037,u1037,m68
m,1042,u1042,m68
m,1045,u1045,m68
m,1047,u1047,m68
m,1049,u1049,m68
m,1054,u1054,m69
m,1057,u1057,m69
m,1058,u1058,m69
m,1061,u1061,m69
m,1066,u1066,m69
m,1068,u1068,m70
m,1069,u1069,m70
m,1070,u1070,m70
m,1071,u1071,m70
m,1077,u1077,m70
m,1081,u1081,m70
m,1084,u1084,m70
m,1086,u1086,m71
m,1088,u1088,m71
m,1089,u1089,m71
m,1092,u1092,m72
m,1100,u1100,m72
m,1108,u1108,m72
m,1112,u1112,m73
m,1116,u1116,m73
m,1117,u1117,m73
m,1118,u1118,m73
m,1119,u1119,m73
m,1125,u1125,m74
m,1127,u1127,m74
m,1132,u1132,m74
m,1133,u1133,m74
m,1135,u1135,m74
m,1155,u1155,m76
m,1164,u1164,m76
m,1169,u1169,m77
m,1173,u1173,m77
m,1174,u1174,m77
m,1176,u1176,m77
m,1181,u1181,m77
m,1184,u1184,m78
m,1185,u1185,m78
m,1186,u1186,m78
m,1187,u1187,m78
m,1189,u1189,m78
m,1191,u1191,m78
m,1195,u1195,m78
m,1198,u1198,m78
m,1201,u1201,m78
m,1202,u1202,m79
m,1214,u1214,m79
m,1215,u1215,m79
m,1222,u1222,m80
m,1228,u1228,m80
m,1236,u1236,m81
m,1239,u1239,m81
m,1240,u1240,m82
m,1241,u1241,m82
m,1243,u1243,m82
m,1245,u1245,m82
m,1255,u1255,m83
m,1261,u1261,m83
m,1266,u1266,m83
m,1272,u1272,m84
m,1277,u1277,m84
m,1279,u1279,m84
m,1284,u1284,m85
m,1294,u1294,m86
m,1299,u1299,m86
m,1303,u1303,m87
m,1305,u1305,m87
m,1308,u1308,m87
m,1311,u1311,m87
m,1313,u1313,m88
m,1317,u1317,m88
m,1323,u1323,m88
m,1345,u1345,m89
m,1356,u1356,m90
m,1357,u1357,m90
m,1361,u1361,m90
m,1368,u1368,m90
m,1372,u1372,m90
m,1375,u1375,m90
m,1379,u1379,m91
m,1384,u1384,m91
m,1389,u1389,m92
m,1394,u1394,m92
m,1407,u1407,m93
m,1409,u1409,m93
m,1413,u1413,m94
m,1415,u1415,m94
m,1416,u1416,m94
m,1417,u1417,m94
m,1418,u1418,m94
m,1424,u1424,m95
m,1427,u1427,m96
m,1429,u1429,m96
m,1435,u1435,m97
m,1436,u1436,m97
m,1440,u1440,m97
m,1447,u1447,m97
m,1450,u1450,m97
m,1452,u1452,m98
m,1454,u1454,m98
m,1456,u1456,m98
m,1457,u1457,m98
m,1463,u1463,m99
m,1469,u1469,m100
m,1490,u1490,m101
m,1499,u1499,m101
m,1502,u1502,m101
m,1510,u1510,m101
m,1513,u1513,m102
m,1520,u1520,m102
m,1523,u1523,m102
m,1529,u1529,m102
m,1539,u1539,m103
m,1548,u1548,m103
m,1552,u1552,m103
m,1556,u1556,m104
m,1558,u1558,m104
m,1561,u1561,m104
m,1568,u1568,m104
m,1574,u1574,m104
m,1577,u1577,m104
m,1585,u1585,m104
m,1591,u1591,m105
m,1592,u1592,m105
m,1594,u1594,m105
m,1595,u1595,m105
m,1597,u1597,m105
m,1598,u1598,m105
m,1608,u1608,m106
m,1612,u1612,m106
m,1616,u1616,m106
m,1617,u1617,m106
m,1620,u1620,m106
m,1630,u1630,m107
m,1642,u1642,m108
m,1649,u1649,m108
m,1652,u1652,m108
m,1653,u1653,m108
m,1654,u1654,m109
m,1663,u1663,m109
m,1672,u1672,m110
m,1675,u1675,m110
m,1679,u1679,m111
m,1695,u1695,m111
m,1696,u1696,m111
m,1698,u1698,m112
m,1701,u1701,m112
m,1703,u1703,m112
m,1708,u1708,m112
m,1712,u1712,m113
m,1720,u1720,m113
m,1725,u1725,m113
m,1728,u1728,m114
m,1755,u1755,m116
m,1768,u1768,m117
m,1779,u1779,m117
m,1784,u1784,m118
m,1785,u1785,m118
m,1796,u1796,m119
m,1799,u1799,m119
m,1803,u1803,m119
m,1806,u1806,m119
m,1836,u1836,m121
m,1839,u1839,m121
m,1846,u1846,m121
m,1854,u1854,m122
m,1856,u1856,m122
m,1859,u1859,m122
m,1862,u1862,m122
m,1877,u1877,m123
m,1881,u1881,m123
m,1883,u1883,m123
m,1890,u1890,m124
m,1891,u1891,m124
m,1893,u1893,m124
m,1894,u1894,m124
m,1898,u1898,m124
m,1913,u1913,m125
m,1916,u1916,m126
m,1918,u1918,m126
m,1919,u1919,m126
m,1922,u1922,m126
m,1926,u1926,m126
m,1931,u1931,m126
m,1934,u1934,m126
m,1940,u1940,m127
m,1947,u1947,m127
m,1951,u1951,m127
m,1952,u1952,m127
m,1955,u1955,m127
m,1957,u1957,m128
m,1971,u1971,m128
m,1978,u1978,m128
m,1983,u1983,m129
m,1991,u1991,m129
m,1993,u1993,m129
m,2001,u2001,m130
m,2010,u2010,m130
m,2018,u2018,m131
m,2021,u2021,m131
m,2030,u2030,m131
m,2034,u2034,m131
m,2037,u2037,m132
m,2041,u2041,m132
m,2045,u2045,m132
m,2061,u2061,m133
m,2065,u2065,m133
m,2066,u2066,m133
m,2104,u2104,m136
m,2105,u2105,m136
m,2109,u2109,m136
m,2119,u2119,m137
m,2123,u2123,m137
m,2124,u2124,m137
m,2134,u2134,m139
m,2137,u2137,m139
m,2138,u2138,m139
m,2141,u2141,m139
m,2144,u2144,m139
m,2151,u2151,m139
m,2160,u2160,m140
m,2162,u2162,m140
m,2163,u2163,m140
m,2169,u2169,m140
m,2173,u2173,m140
m,2176,u2176,m140
m,2183,u2183,m140
m,2188,u2188,m141
m,2190,u2190,m141
m,2196,u2196,m141
m,2199,u2199,m141
m,2202,u2202,m142
m,2208,u2208,m142
m,2209,u2209,m142
m,2215,u2215,m143
m,2220,u2220,m143
m,2221,u2221,m143
m,2224,u2224,m144
m,2236,u2236,m144
m,2238,u2238,m144
m,2244,u2244,m144
m,2253,u2253,m145
m,2256,u2256,m145
m,2263,u2263,m145
m,2265,u2265,m145
m,2267,u2267,m145
m,2271,u2271,m146
m,2272,u2272,m146
m,2275,u2275,m146
m,2280,u2280,m147
m,2287,u2287,m147
m,2292,u2292,m147
m,2295,u2295,m148
m,2305,u2305,m149
m,2309,u2309,m149
m,2310,u2310,m149
m,2312,u2312,m149
m,2315,u2315,m149
m,2319,u2319,m149
m,2324,u2324,m150
m,2325,u2325,m150
m,2326,u2326,m150
m,2327,u2327,m150
m,2331,u2331,m150
m,2333,u2333,m150
m,2334,u2334,m150
m,2339,u2339,m150
m,2340,u2340,m150
m,2343,u2343,m150
m,2350,u2350,m151
m,2352,u2352,m151
m,2355,u2355,m151
m,2360,u2360,m151
m,2363,u2363,m151
m,2365,u2365,m151
m,2366,u2366,m151
m,2368,u2368,m152
m,2371,u2371,m152
m,2374,u2374,m152
m,2387,u2387,m152
m,2389,u2389,m152
m,2392,u2392,m153
m,2394,u2394,m153
m,2401,u2401,m153
m,2405,u2405,m154
m,2408,u2408,m154
m,2414,u2414,m154
m,2415,u2415,m154
m,2416,u2416,m155
m,2419,u2419,m155
m,2422,u2422,m155
m,2428,u2428,m156
m,2429,u2429,m156
m,2435,u2435,m156
m,2436,u2436,m156
m,2442,u2442,m156
m,2447,u2447,m157
m,2448,u2448,m157
m,2461,u2461,m158
m,2462,u2462,m158
m,2466,u2466,m159
m,2470,u2470,m159
m,2487,u2487,m161
m,2488,u2488,m161
m,2490,u2490,m161
m,2495,u2495,m161
m,2499,u2499,m162
m,2502,u2502,m162
m,2504,u2504,m162
m,2511,u2511,m163
m,2514,u2514,m163
m,2519,u2519,m163
m,2522,u2522,m163
m,2532,u2532,m164
m,2542,u2542,m164
m,2544,u2544,m164
m,2547,u2547,m165
m,2550,u2550,m165
m,2554,u2554,m165
m,2557,u2557,m165
m,2563,u2563,m166
m,2564,u2564,m166
m,2572,u2572,m167
m,2574,u2574,m167
m,2583,u2583,m168
m,2585,u2585,m168
m,2592,u2592,m168
m,2593,u2593,m168
m,2596,u2596,m169
m,2600,u2600,m169
m,2603,u2603,m169
m,2609,u2609,m170
m,2610,u2610,m170
m,2611,u2611,m170
m,2612,u2612,m170
m,2616,u2616,m170
m,2617,u2617,m170
m,2618,u2618,m170
m,2621,u2621,m171
m,2632,u2632,m171
m,2636,u2636,m172
m,2638,u2638,m172
m,2644,u2644,m172
m,2646,u2646,m172
m,2651,u2651,m173
m,2667,u2667,m174
m,2671,u2671,m174
m,2673,u2673,m174
m,2674,u2674,m174
m,2691,u2691,m175
m,2692,u2692,m175
m,2704,u2704,m176
m,2705,u2705,m176
m,2723,u2723,m177
m,2735,u2735,m178
m,2738,u2738,m178
m,2746,u2746,m179
m,2747,u2747,m179
m,2748,u2748,m179
m,2751,u2751,m180
m,2762,u2762,m180
m,2786,u2786,m182
m,2789,u2789,m182
m,2797,u2797,m183
m,2800,u2800,m183
m,2804,u2804,m184
m,2815,u2815,m185
m,2817,u2817,m185
m,2828,u2828,m186
m,2834,u2834,m186
m,2835,u2835,m186
m,2836,u2836,m186
m,2838,u2838,m186
m,2839,u2839,m186
m,2841,u2841,m186
m,2847,u2847,m187
m,2850,u2850,m187
m,2856,u2856,m188
m,2860,u2860,m188
m,2864,u2864,m189
m,2876,u2876,m189
m,2879,u2879,m189
m,2884,u2884,m190
m,2888,u2888,m190
m,2889,u2889,m190
m,2892,u2892,m190
m,2894,u2894,m190
m,2899,u2899,m191
m,2904,u2904,m191
m,2906,u2906,m191
m,2914,u2914,m192
m,2916,u2916,m192
m,2918,u2918,m192
m,2924,u2924,m192
m,2928,u2928,m192
m,2935,u2935,m193
m,2938,u2938,m193
m,2943,u2943,m193
m,2951,u2951,m194
m,2958,u2958,m194
m,2966,u2966,m194
m,2967,u2967,m194
m,2972,u2972,m195
m,2974,u2974,m195
m,2975,u2975,m195
m,2980,u2980,m195
m,2982,u2982,m195
m,2988,u2988,m195
m,2993,u2993,m196
m,2995,u2995,m196
m,2997,u2997,m196
m,2999,u2999,m196
m,3005,u3005,m196
m,3007,u3007,m197
m,3008,u3008,m197
m,3012,u3012,m197
m,3019,u3019,m197
m,3020,u3020,m197
m,3025,u3025,m198
m,3028,u3028,m198
m,3031,u3031,m198
m,3033,u3033,m198
m,3034,u3034,m198
m,3042,u3042,m199
m,3045,u3045,m199
m,3049,u3049,m199
m,3057,u3057,m200
m,3059,u3059,m200
m,3061,u3061,m200
m,3067,u3067,m201
m,3075,u3075,m201
m,3088,u3088,m202
m,3090,u3090,m202
m,3091,u3091,m202
m,3092,u3092,m202
m,3098,u3098,m203
m,3102,u3102,m203
m,3105,u3105,m203
m,3112,u3112,m203
m,3117,u3117,m204
m,3118,u3118,m204
m,3124,u3124,m204
m,3125,u3125,m204
m,3126,u3126,m204
m,3135,u3135,m205
m,3138,u3138,m205
m,3139,u3139,m205
m,3140,u3140,m205
m,3142,u3142,m206
m,3143,u3143,m206
m,3146,u3146,m207
m,3150,u3150,m207
m,3153,u3153,m207
m,3154,u3154,m207
m,3157,u3157,m207
m,3172,u3172,m208
m,3178,u3178,m209
m,3180,u3180,m209
m,3182,u3182,m209
m,3186,u3186,m210
m,3197,u3197,m211
m,3204,u3204,m211
m,3207,u3207,m211
m,3208,u3208,m212
m,3209,u3209,m212
m,3214,u3214,m212
m,3215,u3215,m212
m,3216,u3216,m212
m,3220,u3220,m213
m,3225,u3225,m213
m,3228,u3228,m213
m,3230,u3230,m214
m,3233,u3233,m214
m,3241,u3241,m214
m,3243,u3243,m215
m,3251,u3251,m215
m,3252,u3252,m215
m,3258,u3258,m216
m,3259,u3259,m216
m,3270,u3270,m217
m,3273,u3273,m217
m,3282,u3282,m217
m,3283,u3283,m217
m,3284,u3284,m217
m,3293,u3293,m218
m,3299,u3299,m218
m,3303,u3303,m219
m,3308,u3308,m219
m,3313,u3313,m220
m,3316,u3316,m220
m,3318,u3318,m220
m,3321,u3321,m220
m,3324,u3324,m220
m,3330,u3330,m221
m,3332,u3332,m221
m,3335,u3335,m221
m,3339,u3339,m221
m,3341,u3341,m221
m,3345,u3345,m222
m,3353,u3353,m222
m,3357,u3357,m223
m,3365,u3365,m223
m,3366,u3366,m223
m,3367,u3367,m223
m,3368,u3368,m223
m,3373,u3373,m224
m,3379,u3379,m224
m,3387,u3387,m224
m,3391,u3391,m224
m,3398,u3398,m224
m,3405,u3405,m225
m,3407,u3407,m225
m,3408,u3408,m225
m,3409,u3409,m225
m,3410,u3410,m225
m,3412,u3412,m225
m,3417,u3417,m225
m,3425,u3425,m226
m,3439,u3439,m227
m,3440,u3440,m227
m,3442,u3442,m227
m,3446,u3446,m227
m,3456,u3456,m228
m,3461,u3461,m228
m,3468,u3468,m228
m,3476,u3476,m229
m,3485,u3485,m229
m,3493,u3493,m229
m,3494,u3494,m229
m,3495,u3495,m230
m,3497,u3497,m230
m,3501,u3501,m230
m,3511,u3511,m231
m,3513,u3513,m231
m,3517,u3517,m231
m,3519,u3519,m231
m,3520,u3520,m232
m,3545,u3545,m233
m,3561,u3561,m235
m,3566,u3566,m235
m,3568,u3568,m235
m,3569,u3569,m235
m,3571,u3571,m235
m,3572,u3572,m235
m,3574,u3574,m235
m,3578,u3578,m235
m,3599,u3599,m238
m,3600,u3600,m238
m,3605,u3605,m238
m,3607,u3607,m238
m,3611,u3611,m239
m,3618,u3618,m239
m,3629,u3629,m239
m,3631,u3631,m239
m,3635,u3635,m239
m,3642,u3642,m240
m,3644,u3644,m240
m,3648,u3648,m240
m,3652,u3652,m240
m,3656,u3656,m241
m,3658,u3658,m241
m,3661,u3661,m241
m,3663,u3663,m241
m,3669,u3669,m242
m,3675,u3675,m242
m,3681,u3681,m243
m,3695,u3695,m243
m,3699,u3699,m243
m,3702,u3702,m244
m,3706,u3706,m244
m,3707,u3707,m244
m,3711,u3711,m244
m,3712,u3712,m244
m,3724,u3724,m245
m,3725,u3725,m245
m,3728,u3728,m246
m,3729,u3729,m246
m,3731,u3731,m246
m,3738,u3738,m246
m,3742,u3742,m247
m,3744,u3744,m247
m,3745,u3745,m247
m,3746,u3746,m247
m,3752,u3752,m247
m,3753,u3753,m247
m,3755,u3755,m247
m,3763,u3763,m247
m,3766,u3766,m248
m,3767,u3767,m248
m,3781,u3781,m249
m,3784,u3784,m249
m,3787,u3787,m249
m,3791,u3791,m250
m,3796,u3796,m250
m,3798,u3798,m250
m,3809,u3809,m251
m,3813,u3813,m251
m,3820,u3820,m252
m,3822,u3822,m252
m,3828,u3828,m253
m,3829,u3829,m253
m,3843,u3843,m254
m,3849,u3849,m255
m,3865,u3865,m256
m,3866,u3866,m256
m,3868,u3868,m256
m,3869,u3869,m256
m,3870,u3870,m256
m,3873,u3873,m256
m,3882,u3882,m257
m,3884,u3884,m257
m,3887,u3887,m258
m,3888,u3888,m258
m,3891,u3891,m258
m,3892,u3892,m258
m,3901,u3901,m258
m,3912,u3912,m259
m,3916,u3916,m259
m,3917,u3917,m259
m,3919,u3919,m260
m,3922,u3922,m260
m,3923,u3923,m260
m,3924,u3924,m260
m,3930,u3930,m260
m,3932,u3932,m261
m,3933,u3933,m261
m,3934,u3934,m261
m,3943,u3943,m262
m,3944,u3944,m262
m,3952,u3952,m262
m,3961,u3961,m263
m,3965,u3965,m263
m,3970,u3970,m264
m,3972,u3972,m264
m,3973,u3973,m264
m,3976,u3976,m264
m,3979,u3979,m265
m,3981,u3981,m265
m,3982,u3982,m265
m,3988,u3988,m265
m,3990,u3990,m266
m,3993,u3993,m266
m,4000,u4000,m266
m,4006,u4006,m266
m,4011,u4011,m266
m,4013,u4013,m266
m,4020,u4020,m267
m,4028,u4028,m267
m,4030,u4030,m267
m,4043,u4043,m268
m,4046,u4046,m268
m,4050,u4050,m269
m,4055,u4055,m269
m,4057,u4057,m269
m,4058,u4058,m269
m,4065,u4065,m269
m,4067,u4067,m269
m,4071,u4071,m271
m,4080,u4080,m271
m,4081,u4081,m272
m,4089,u4089,m272
m,4103,u4103,m274
m,4104,u4104,m274
m,4105,u4105,m274
m,4107,u4107,m274
m,4128,u4128,m276
m,4130,u4130,m276
m,4133,u4133,m276
m,4134,u4134,m276
m,4136,u4136,m276
m,4148,u4148,m277
m,4161,u4161,m278
m,4166,u4166,m278
m,4171,u4171,m278
m,4176,u4176,m278
m,4188,u4188,m279
m,4192,u4192,m279
m,4194,u4194,m280
m,4197,u4197,m280
m,4201,u4201,m280
m,4208,u4208,m281
m,4212,u4212,m281
m,4215,u4215,m282
m,4216,u4216,m282
m,4218,u4218,m282
m,4233,u4233,m283
m,4239,u4239,m283
m,4241,u4241,m283
m,4249,u4249,m283
m,4251,u4251,m283
m,4255,u4255,m284
m,4258,u4258,m284
m,4261,u4261,m284
m,4262,u4262,m284
m,4268,u4268,m285
m,4274,u4274,m285
m,4281,u4281,m285
m,4288,u4288,m286
m,4290,u4290,m286
m,4295,u4295,m286
m,4298,u4298,m287
m,4305,u4305,m287
m,4310,u4310,m287
m,4312,u4312,m287
m,4317,u4317,m288
m,4323,u4323,m288
m,4325,u4325,m288
m,4331,u4331,m289
m,4348,u4348,m289
m,4356,u4356,m289
m,4358,u4358,m289
m,4359,u4359,m289
m,4361,u4361,m289
m,4366,u4366,m289
m,4369,u4369,m289
m,4372,u4372,m289
m,4401,u4401,m292
m,4404,u4404,m292
m,4405,u4405,m292
m,4407,u4407,m292
m,4409,u4409,m292
m,4412,u4412,m293
m,4418,u4418,m293
m,4420,u4420,m293
m,4423,u4423,m293
m,4428,u4428,m294
m,4435,u4435,m294
m,4449,u4449,m295
m,4451,u4451,m295
m,4459,u4459,m295
m,4460,u4460,m295
m,4462,u4462,m295
m,4470,u4470,m296
m,4472,u4472,m296
m,4475,u4475,m296
m,4477,u4477,m296
m,4492,u4492,m296
m,4494,u4494,m297
m,4498,u4498,m297
m,4500,u4500,m298
m,4501,u4501,m298
m,4507,u4507,m298
m,4520,u4520,m298
m,4524,u4524,m299
m,4525,u4525,m299
m,4531,u4531,m299
m,4534,u4534,m299
m,4535,u4535,m299
m,4538,u4538,m299
m,4546,u4546,m300
m,4547,u4547,m300
m,4551,u4551,m300
m,4553,u4553,m300
m,4555,u4555,m301
m,4558,u4558,m301
m,4560,u4560,m301
m,4569,u4569,m301
m,4570,u4570,m301
m,4572,u4572,m301
m,4577,u4577,m302
m,4584,u4584,m302
m,4587,u4587,m302
m,4592,u4592,m303
m,4593,u4593,m303
m,4596,u4596,m303
m,4601,u4601,m304
m,4603,u4603,m304
m,4605,u4605,m304
m,4612,u4612,m304
m,4620,u4620,m305
m,4622,u4622,m305
m,4623,u4623,m305
m,4626,u4626,m306
m,4634,u4634,m306
m,4635,u4635,m306
m,4658,u4658,m309
m,4662,u4662,m309
m,4663,u4663,m309
m,4667,u4667,m309
m,4682,u4682,m310
m,4689,u4689,m311
m,4693,u4693,m311
m,4706,u4706,m312
m,4709,u4709,m312
m,4717,u4717,m312
m,4721,u4721,m313
m,4726,u4726,m313
m,4731,u4731,m314
m,4734,u4734,m314
m,4746,u4746,m315
m,4751,u4751,m316
m,4752,u4752,m316
m,4753,u4753,m316
m,4756,u4756,m316
m,4758,u4758,m316
m,4763,u4763,m317
m,4771,u4771,m317
m,4776,u4776,m318
m,4781,u4781,m318
m,4782,u4782,m318
m,4785,u4785,m318
m,4788,u4788,m318
m,4790,u4790,m319
m,4791,u4791,m319
m,4794,u4794,m319
m,4797,u4797,m320
m,4803,u4803,m320
m,4808,u4808,m320
m,4812,u4812,m320
m,4826,u4826,m322
m,4828,u4828,m322
m,4839,u4839,m322
m,4840,u4840,m323
m,4843,u4843,m323
m,4846,u4846,m323
m,4847,u4847,m323
m,4848,u4848,m323
m,4857,u4857,m324
m,4859,u4859,m324
m,4860,u4860,m324
m,4863,u4863,m324
m,4865,u4865,m324
m,4866,u4866,m324
m,4868,u4868,m324
m,4871,u4871,m325
m,4875,u4875,m325
m,4895,u4895,m326
m,4896,u4896,m326
m,4898,u4898,m326
m,4900,u4900,m326
m,4901,u4901,m326
m,4903,u4903,m326
m,4906,u4906,m327
m,4910,u4910,m327
m,4915,u4915,m327
m,4929,u4929,m328
m,4934,u4934,m329
m,4941,u4941,m329
m,4943,u4943,m329
m,4952,u4952,m329
m,4954,u4954,m329
m,4956,u4956,m330
m,4960,u4960,m330
m,4965,u4965,m330
m,4969,u4969,m330
m,4979,u4979,m331
m,4991,u4991,m332
m,4996,u4996,m332
m,4997,u4997,m332
m,4999,u4999,m332
m,5004,u5004,m332
m,5015,u5015,m333
m,5016,u5016,m333
m,5020,u5020,m333
m,5024,u5024,m333
m,5026,u5026,m333
m,5037,u5037,m333
m,5048,u5048,m334
m,5055,u5055,m334
m,5057,u5057,m334
m,5063,u5063,m335
m,5065,u5065,m335
m,5067,u5067,m335
m,5074,u5074,m336
m,5078,u5078,m336
m,5098,u5098,m337
m,5100,u5100,m337
m,5105,u5105,m337
m,5116,u5116,m339
m,5117,u5117,m339
m,5120,u5120,m339
m,5125,u5125,m340
m,5129,u5129,m340
m,5130,u5130,m340
m,5140,u5140,m341
m,5144,u5144,m341
m,5145,u5145,m341
m,5146,u5146,m341
m,5161,u5161,m342
m,5164,u5164,m342
m,5177,u5177,m343
m,5179,u5179,m343
m,5193,u5193,m344
m,5195,u5195,m344
m,5197,u5197,m344
m,5200,u5200,m344
m,5211,u5211,m345
m,5214,u5214,m345
m,5216,u5216,m345
m,5220,u5220,m345
m,5221,u5221,m346
m,5223,u5223,m346
m,5224,u5224,m346
m,5226,u5226,m346
m,5230,u5230,m346
m,5232,u5232,m347
m,5236,u5236,m347
m,5240,u5240,m347
m,5241,u5241,m347
m,5244,u5244,m347
m,5245,u5245,m347
m,5252,u5252,m347
m,5253,u5253,m347
m,5269,u5269,m348
m,5287,u5287,m349
m,5289,u5289,m350
m,5302,u5302,m351
m,5304,u5304,m351
m,5310,u5310,m352
m,5313,u5313,m352
m,5333,u5333,m354
m,5338,u5338,m354
m,5344,u5344,m355
m,5345,u5345,m355
m,5348,u5348,m355
m,5352,u5352,m355
m,5359,u5359,m355
m,5360,u5360,m355
m,5364,u5364,m356
m,5365,u5365,m356
m,5372,u5372,m356
m,5382,u5382,m357
m,5389,u5389,m357
m,5394,u5394,m358
m,5397,u5397,m358
m,5400,u5400,m358
m,5404,u5404,m359
m,5410,u5410,m359
m,5422,u5422,m360
m,5425,u5425,m360
m,5431,u5431,m361
m,5433,u5433,m361
m,5437,u5437,m362
m,5441,u5441,m362
m,5447,u5447,m363
m,5454,u5454,m363
m,5455,u5455,m363
m,5483,u5483,m365
m,5489,u5489,m365
m,5494,u5494,m366
m,5496,u5496,m366
m,5504,u5504,m367
m,5507,u5507,m367
m,5512,u5512,m367
m,5516,u5516,m367
m,5522,u5522,m368
m,5524,u5524,m368
m,5525,u5525,m368
m,5526,u5526,m368
m,5527,u5527,m368
m,5528,u5528,m368
m,5538,u5538,m369
m,5540,u5540,m369
m,5545,u5545,m369
m,5548,u5548,m369
m,5551,u5551,m369
m,5552,u5552,m369
m,5562,u5562,m370
m,5563,u5563,m370
m,5570,u5570,m370
m,5572,u5572,m370
m,5574,u5574,m371
m,5581,u5581,m371
m,5582,u5582,m371
m,5584,u5584,m371
m,5591,u5591,m372
m,5592,u5592,m372
m,5606,u5606,m373
m,5611,u5611,m373
m,5612,u5612,m373
m,5614,u5614,m373
m,5615,u5615,m373
m,5621,u5621,m373
m,5627,u5627,m374
m,5628,u5628,m374
m,5652,u5652,m374
m,5662,u5662,m375
m,5664,u5664,m375
m,5666,u5666,m375
m,5668,u5668,m375
m,5670,u5670,m375
m,5682,u5682,m376
m,5684,u5684,m376
m,5691,u5691,m377
m,5703,u5703,m377
m,5706,u5706,m378
m,5716,u5716,m378
m,5718,u5718,m378
m,5728,u5728,m379
m,5733,u5733,m379
m,5737,u5737,m380
m,5738,u5738,m380
m,5741,u5741,m380
m,5744,u5744,m380
m,5750,u5750,m380
m,5754,u5754,m381
m,5755,u5755,m381
m,5758,u5758,m381
m,5768,u5768,m381
m,5773,u5773,m381
m,5785,u5785,m382
m,5795,u5795,m383
m,5807,u5807,m385
m,5820,u5820,m385
m,5821,u5821,m386
m,5822,u5822,m386
m,5823,u5823,m386
m,5834,u5834,m386
m,5841,u5841,m387
m,5843,u5843,m387
m,5874,u5874,m389
m,5881,u5881,m389
m,5887,u5887,m389
m,5891,u5891,m389
m,5894,u5894,m389
m,5899,u5899,m390
m,5900,u5900,m390
m,5901,u5901,m390
m,5909,u5909,m390
m,5917,u5917,m391
m,5918,u5918,m391
m,5923,u5923,m391
m,5924,u5924,m391
m,5931,u5931,m392
m,5933,u5933,m392
m,5951,u5951,m394
m,5962,u5962,m395
m,5970,u5970,m395
m,5971,u5971,m395
m,5979,u5979,m396
m,5982,u5982,m396
m,5984,u5984,m397
m,5987,u5987,m397
m,5990,u5990,m397
m,5996,u5996,m397
m,5997,u5997,m397
m,5998,u5998,m397
m,6004,u6004,m398
m,6008,u6008,m398
m,6009,u6009,m398
m,6010,u6010,m399
m,6012,u6012,m399
m,6013,u6013,m399
m,6015,u6015,m399
m,6027,u6027,m400
m,6033,u6033,m401
m,6039,u6039,m402
m,6045,u6045,m402
m,6049,u6049,m402
m,6063,u6063,m402
m,6068,u6068,m403
m,6075,u6075,m403
m,6079,u6079,m403
m,6082,u6082,m403
m,6090,u6090,m403
m,6098,u6098,m404
m,6101,u6101,m404
m,6103,u6103,m404
m,6110,u6110,m405
m,6112,u6112,m405
m,6114,u6114,m405
m,6121,u6121,m407
m,6123,u6123,m407
m,6127,u6127,m407
m,6136,u6136,m408
m,6140,u6140,m408
m,6141,u6141,m408
m,6143,u6143,m408
m,6146,u6146,m409
m,6148,u6148,m409
m,6149,u6149,m409
m,6150,u6150,m409
m,6156,u6156,m410
m,6157,u6157,m410
m,6158,u6158,m410
m,6159,u6159,m410
m,6165,u6165,m411
m,6166,u6166,m411
m,6169,u6169,m411
m,6173,u6173,m411
m,6185,u6185,m413
m,6187,u6187,m413
m,6189,u6189,m413
m,6190,u6190,m413
m,6191,u6191,m413
m,6199,u6199,m414
m,6205,u6205,m415
m,6208,u6208,m415
m,6217,u6217,m416
m,6222,u6222,m416
m,6226,u6226,m416
m,6230,u6230,m416
m,6242,u6242,m417
m,6248,u6248,m417
m,6256,u6256,m418
m,6257,u6257,m418
m,6259,u6259,m418
m,6260,u6260,m418
m,6267,u6267,m419
m,6279,u6279,m420
m,6280,u6280,m420
m,6289,u6289,m421
m,6294,u6294,m421
m,6305,u6305,m422
m,6317,u6317,m422
m,6318,u6318,m422
m,6322,u6322,m423
m,6324,u6324,m423
m,6328,u6328,m423
m,6330,u6330,m423
m,6332,u6332,m423
m,6334,u6334,m423
m,6337,u6337,m423
m,6341,u6341,m423
m,6344,u6344,m423
m,6346,u6346,m423
m,6351,u6351,m423
m,6361,u6361,m424
m,6367,u6367,m424
m,6373,u6373,m424
m,6375,u6375,m424
m,6378,u6378,m425
m,6381,u6381,m425
m,6391,u6391,m426
m,6398,u6398,m426
m,6401,u6401,m426
m,6413,u6413,m427
m,6416,u6416,m427
m,6419,u6419,m428
m,6424,u6424,m428
m,6426,u6426,m428
m,6428,u6428,m428
m,6430,u6430,m428
m,6434,u6434,m428
m,6435,u6435,m428
m,6437,u6437,m428
m,6443,u6443,m428
m,6446,u6446,m428
m,6449,u6449,m428
m,6450,u6450,m428
m,6454,u6454,m429
m,6455,u6455,m429
m,6456,u6456,m429
m,6459,u6459,m429
m,6464,u6464,m429
m,6469,u6469,m430
m,6480,u6480,m431
m,6481,u6481,m431
m,6484,u6484,m431
m,6487,u6487,m431
m,6488,u6488,m431
m,6489,u6489,m431
m,6496,u6496,m431
m,6499,u6499,m432
m,6502,u6502,m432
m,6515,u6515,m432
m,6520,u6520,m433
m,6522,u6522,m433
m,6523,u6523,m433
m,6526,u6526,m433
m,6532,u6532,m434
m,6534,u6534,m434
m,6537,u6537,m434
m,6539,u6539,m434
m,6543,u6543,m434
m,6548,u6548,m435
m,6551,u6551,m435
m,6552,u6552,m435
m,6553,u6553,m435
m,6557,u6557,m435
m,6560,u6560,m436
m,6563,u6563,m436
m,6568,u6568,m436
m,6572,u6572,m437
m,6574,u6574,m437
m,6581,u6581,m437
m,6583,u6583,m438
m,6587,u6587,m438
m,6593,u6593,m439
m,6599,u6599,m439
m,6606,u6606,m440
m,6608,u6608,m440
m,6613,u6613,m441
m,6615,u6615,m441
m,6619,u6619,m442
m,6622,u6622,m442
m,6623,u6623,m442
m,6628,u6628,m442
m,6633,u6633,m443
m,6637,u6637,m443
m,6639,u6639,m443
m,6642,u6642,m443
m,6646,u6646,m444
m,6652,u6652,m444
m,6654,u6654,m444
m,6657,u6657,m444
m,6659,u6659,m444
m,6664,u6664,m445
m,6665,u6665,m445
m,6666,u6666,m445
m,6671,u6671,m445
m,6672,u6672,m445
m,6689,u6689,m445
m,6691,u6691,m446
m,6696,u6696,m446
m,6698,u6698,m446
m,6701,u6701,m446
m,6703,u6703,m446
m,6712,u6712,m447
m,6714,u6714,m448
m,6718,u6718,m448
m,6747,u6747,m450
m,6749,u6749,m450
m,6754,u6754,m450
m,6755,u6755,m450
m,6757,u6757,m450
m,6765,u6765,m451
m,6767,u6767,m451
m,6771,u6771,m451
m,6777,u6777,m452
m,6782,u6782,m453
m,6787,u6787,m453
m,6797,u6797,m453
m,6800,u6800,m453
m,6801,u6801,m453
m,6808,u6808,m454
m,6817,u6817,m454
m,6818,u6818,m454
m,6822,u6822,m455
m,6833,u6833,m455
m,6837,u6837,m455
m,6858,u6858,m458
m,6864,u6864,m458
m,6865,u6865,m458
m,6877,u6877,m460
m,6878,u6878,m460
m,6890,u6890,m461
m,6906,u6906,m462
m,6909,u6909,m462
m,6912,u6912,m462
m,6914,u6914,m463
m,6919,u6919,m463
m,6921,u6921,m463
m,6930,u6930,m463
m,6931,u6931,m463
m,6932,u6932,m463
m,6943,u6943,m464
m,6945,u6945,m464
m,6947,u6947,m464
m,6951,u6951,m465
m,6954,u6954,m465
m,6955,u6955,m465
m,6961,u6961,m465
m,6967,u6967,m465
m,6968,u6968,m466
m,6975,u6975,m467
m,6976,u6976,m467
m,6979,u6979,m467
m,6980,u6980,m467
m,6981,u6981,m467
m,6982,u6982,m467
m,6986,u6986,m467
m,6987,u6987,m467
m,6991,u6991,m467
m,7000,u7000,m468
m,7010,u7010,m468
m,7017,u7017,m469
m,7021,u7021,m469
m,7026,u7026,m469
m,7030,u7030,m470
m,7031,u7031,m470
m,7037,u7037,m471
m,7042,u7042,m471
m,7046,u7046,m471
m,7047,u7047,m471
m,7057,u7057,m472
m,7060,u7060,m472
m,7063,u7063,m473
m,7073,u7073,m473
m,7078,u7078,m474
m,7083,u7083,m474
m,7110,u7110,m476
m,7111,u7111,m476
m,7112,u7112,m476
m,7118,u7118,m477
m,7121,u7121,m477
m,7123,u7123,m477
m,7126,u7126,m478
m,7133,u7133,m479
m,7139,u7139,m479
m,7141,u7141,m479
m,7145,u7145,m480
m,7146,u7146,m480
m,7148,u7148,m480
m,7149,u7149,m480
m,7155,u7155,m480
m,7156,u7156,m480
m,7158,u7158,m481
m,7160,u7160,m481
m,7165,u7165,m481
m,7169,u7169,m482
m,7177,u7177,m482
m,7180,u7180,m482
m,7204,u7204,m485
m,7211,u7211,m485
m,7213,u7213,m485
m,7217,u7217,m486
m,7220,u7220,m487
m,7221,u7221,m487
m,7222,u7222,m487
m,7224,u7224,m487
m,7229,u7229,m487
m,7245,u7245,m489
m,7249,u7249,m489
m,7255,u7255,m490
m,7258,u7258,m490
m,7265,u7265,m491
m,7274,u7274,m491
m,7277,u7277,m491
m,7280,u7280,m491
m,7283,u7283,m491
m,7284,u7284,m491
m,7289,u7289,m492
m,7293,u7293,m492
m,7294,u7294,m492
m,7295,u7295,m492
m,7298,u7298,m493
m,7305,u7305,m493
m,7307,u7307,m493
m,7319,u7319,m494
m,7320,u7320,m494
m,7323,u7323,m494
m,7324,u7324,m495
m,7327,u7327,m495
m,7328,u7328,m495
m,7330,u7330,m495
m,7337,u7337,m496
m,7343,u7343,m496
m,7349,u7349,m497
m,7354,u7354,m497
m,7356,u7356,m497
m,7364,u7364,m498
m,7366,u7366,m498
m,7381,u7381,m499
m,7384,u7384,m499
m,7389,u7389,m499
m,7410,u7410,m501
m,7412,u7412,m501
m,7413,u7413,m501
m,7417,u7417,m501
m,7422,u7422,m502
m,7423,u7423,m502
m,7424,u7424,m502
m,7428,u7428,m502
m,7442,u7442,m503
m,7454,u7454,m504
m,7460,u7460,m504
m,7461,u7461,m504
m,7468,u7468,m505
m,7469,u7469,m505
m,7491,u7491,m506
m,7500,u7500,m506
m,7502,u7502,m507
m,7504,u7504,m507
m,7513,u7513,m507
m,7514,u7514,m507
m,7516,u7516,m507
m,7518,u7518,m508
m,7531,u7531,m509
m,7533,u7533,m509
m,7542,u7542,m509
m,7548,u7548,m510
m,7556,u7556,m511
m,7557,u7557,m511
m,7572,u7572,m511
m,7573,u7573,m511
m,7574,u7574,m512
m,7576,u7576,m512
m,7579,u7579,m512
m,7582,u7582,m512
m,7588,u7588,m513
m,7589,u7589,m513
m,7597,u7597,m513
m,7603,u7603,m513
m,7608,u7608,m514
m,7611,u7611,m514
m,7614,u7614,m514
m,7617,u7617,m514
m,7621,u7621,m515
m,7629,u7629,m516
m,7641,u7641,m516
m,7645,u7645,m517
m,7646,u7646,m517
m,7649,u7649,m517
m,7658,u7658,m517
m,7659,u7659,m518
m,7662,u7662,m518
m,7663,u7663,m518
m,7666,u7666,m518
m,7673,u7673,m518
m,7674,u7674,m518
m,7676,u7676,m519
m,7678,u7678,m519
m,7682,u7682,m519
m,7683,u7683,m519
m,7686,u7686,m519
m,7696,u7696,m520
m,7697,u7697,m520
m,7701,u7701,m520
m,7702,u7702,m520
m,7712,u7712,m522
m,7713,u7713,m522
m,7715,u7715,m522
m,7717,u7717,m522
m,7720,u7720,m522
m,7728,u7728,m523
m,7730,u7730,m523
m,7739,u7739,m524
m,7748,u7748,m524
m,7754,u7754,m525
m,7761,u7761,m525
m,7765,u7765,m525
m,7768,u7768,m525
m,7769,u7769,m525
m,7770,u7770,m525
m,7772,u7772,m525
m,7777,u7777,m526
m,7784,u7784,m526
m,7786,u7786,m526
m,7791,u7791,m527
m,7792,u7792,m527
m,7796,u7796,m527
m,7801,u7801,m527
m,7802,u7802,m527
m,7805,u7805,m528
m,7809,u7809,m528
m,7811,u7811,m528
m,7814,u7814,m528
m,7816,u7816,m529
m,7821,u7821,m529
m,7824,u7824,m529
m,7828,u7828,m530
m,7830,u7830,m530
m,7837,u7837,m530
m,7840,u7840,m530
m,7843,u7843,m530
m,7847,u7847,m531
m,7849,u7849,m531
m,7853,u7853,m531
m,7860,u7860,m532
m,7867,u7867,m532
m,7870,u7870,m532
m,7877,u7877,m532
m,7879,u7879,m533
m,7884,u7884,m533
m,7892,u7892,m534
m,7894,u7894,m534
m,7895,u7895,m534
m,7898,u7898,m534
m,7900,u7900,m534
m,7919,u7919,m536
m,7932,u7932,m537
m,7936,u7936,m537
m,7937,u7937,m537
m,7938,u7938,m537
m,7942,u7942,m537
m,7949,u7949,m538
m,7955,u7955,m539
m,7959,u7959,m539
m,7962,u7962,m539
m,7970,u7970,m540
m,7977,u7977,m540
m,7980,u7980,m540
m,7983,u7983,m541
m,7986,u7986,m541
m,7994,u7994,m541
m,7998,u7998,m542
m,8015,u8015,m543
m,8019,u8019,m543
m,8020,u8020,m543
m,8026,u8026,m544
m,8034,u8034,m544
m,8036,u8036,m544
m,8038,u8038,m544
m,8040,u8040,m545
m,8045,u8045,m545
m,8049,u8049,m545
m,8050,u8050,m545
m,8054,u8054,m545
m,8059,u8059,m546
m,8065,u8065,m546
m,8066,u8066,m546
m,8072,u8072,m547
m,8077,u8077,m547
m,8081,u8081,m548
m,8086,u8086,m548
m,8088,u8088,m548
m,8095,u8095,m549
m,8104,u8104,m550
m,8107,u8107,m550
m,8114,u8114,m550
m,8119,u8119,m551
m,8130,u8130,m552
m,8137,u8137,m552
m,8140,u8140,m552
m,8141,u8141,m552
m,8142,u8142,m552
m,8146,u8146,m553
m,8147,u8147,m553
m,8150,u8150,m553
m,8151,u8151,m553
m,8155,u8155,m553
m,8162,u8162,m554
m,8164,u8164,m554
m,8173,u8173,m555
m,8179,u8179,m555
m,8186,u8186,m555
m,8196,u8196,m556
m,8197,u8197,m556
m,8201,u8201,m556
m,8208,u8208,m557
m,8213,u8213,m558
m,8215,u8215,m558
m,8216,u8216,m558
m,8218,u8218,m558
m,8221,u8221,m558
m,8226,u8226,m559
m,8230,u8230,m559
m,8239,u8239,m560
m,8240,u8240,m560
m,8244,u8244,m560
m,8246,u8246,m560
m,8258,u8258,m561
m,8259,u8259,m561
m,8261,u8261,m561
m,8273,u8273,m562
m,8274,u8274,m562
m,8280,u8280,m563
m,8284,u8284,m563
m,8285,u8285,m563
m,8297,u8297,m564
m,8300,u8300,m564
m,8304,u8304,m564
m,8322,u8322,m565
m,8333,u8333,m565
m,8345,u8345,m566
m,8355,u8355,m566
m,8358,u8358,m567
m,8362,u8362,m567
m,8364,u8364,m568
m,8366,u8366,m568
m,8370,u8370,m568
m,8372,u8372,m568
m,8375,u8375,m568
m,8377,u8377,m568
m,8394,u8394,m569
m,8399,u8399,m569
m,8400,u8400,m569
m,8417,u8417,m571
m,8418,u8418,m571
m,8419,u8419,m571
m,8424,u8424,m572
m,8437,u8437,m573
m,8439,u8439,m573
m,8450,u8450,m574
m,8455,u8455,m574
m,8467,u8467,m575
m,8468,u8468,m575
m,8469,u8469,m575
m,8470,u8470,m575
m,8472,u8472,m575
m,8484,u8484,m576
m,8492,u8492,m576
m,8496,u8496,m576
m,8498,u8498,m576
m,8500,u8500,m577
m,8519,u8519,m577
m,8521,u8521,m578
m,8523,u8523,m578
m,8524,u8524,m578
m,8534,u8534,m579
m,8536,u8536,m579
m,8545,u8545,m579
m,8546,u8546,m580
m,8552,u8552,m581
m,8557,u8557,m581
m,8561,u8561,m581
m,8570,u8570,m581
m,8587,u8587,m582
m,8588,u8588,m582
m,8589,u8589,m582
m,8590,u8590,m582
m,8591,u8591,m582
m,8598,u8598,m583
m,8602,u8602,m583
m,8604,u8604,m583
m,8609,u8609,m584
m,8611,u8611,m584
m,8617,u8617,m584
m,8622,u8622,m585
m,8623,u8623,m585
m,8628,u8628,m585
m,8633,u8633,m586
m,8634,u8634,m586
m,8637,u8637,m586
m,8638,u8638,m586
m,8640,u8640,m586
m,8641,u8641,m586
m,8645,u8645,m586
m,8650,u8650,m586
m,8657,u8657,m587
m,8663,u8663,m587
m,8682,u8682,m589
m,8683,u8683,m589
m,8685,u8685,m589
m,8688,u8688,m589
m,8693,u8693,m589
m,8697,u8697,m590
m,8698,u8698,m590
m,8700,u8700,m590
m,8712,u8712,m591
m,8714,u8714,m591
m,8715,u8715,m591
m,8716,u8716,m591
m,8718,u8718,m591
m,8725,u8725,m592
m,8728,u8728,m592
m,8732,u8732,m592
m,8767,u8767,m594
m,8768,u8768,m595
m,8770,u8770,m595
m,8771,u8771,m595
m,8777,u8777,m595
m,8782,u8782,m596
m,8786,u8786,m596
m,8801,u8801,m597
m,8803,u8803,m597
m,8805,u8805,m597
m,8810,u8810,m598
m,8830,u8830,m599
m,8831,u8831,m599
m,8836,u8836,m599
m,8840,u8840,m599
m,8860,u8860,m601
m,8867,u8867,m601
m,8889,u8889,m604
m,8893,u8893,m605
m,8898,u8898,m605
m,8914,u8914,m606
m,8916,u8916,m606
m,8919,u8919,m607
m,8924,u8924,m607
m,8931,u8931,m608
m,8937,u8937,m608
m,8938,u8938,m609
m,8941,u8941,m609
m,8946,u8946,m609
m,8947,u8947,m609
m,8954,u8954,m610
m,8958,u8958,m610
m,8959,u8959,m610
m,8960,u8960,m610
m,8965,u8965,m611
m,8970,u8970,m611
m,8974,u8974,m611
m,8979,u8979,m612
m,8980,u8980,m612
m,8988,u8988,m612
m,8990,u8990,m612
m,8991,u8991,m613
m,9000,u9000,m613
m,9001,u9001,m613
m,9019,u9019,m615
m,9022,u9022,m615
M,109,u109,m6
M,110,u110,m6
M,218,u218,m14
M,275,u275,m17
M,451,u451,m27
M,473,u473,m28
M,492,u492,m30
M,514,u514,m32
M,751,u751,m48
M,753,u753,m48
M,756,u756,m48
M,781,u781,m50
M,820,u820,m52
M,1032,u1032,m67
M,1034,u1034,m67
M,1050,u1050,m69
M,1064,u1064,m69
M,1149,u1149,m75
M,1150,u1150,m75
M,1152,u1152,m75
M,1163,u1163,m76
M,1248,u1248,m82
M,1327,u1327,m89
M,1349,u1349,m89
M,1351,u1351,m89
M,1363,u1363,m90
M,1475,u1475,m100
M,1517,u1517,m102
M,1748,u1748,m115
M,1782,u1782,m118
M,1811,u1811,m120
M,1827,u1827,m120
M,1904,u1904,m125
M,1906,u1906,m125
M,1958,u1958,m128
M,2330,u2330,m150
M,2379,u2379,m152
M,2452,u2452,m157
M,2476,u2476,m159
M,2481,u2481,m160
M,2503,u2503,m162
M,2690,u2690,m175
M,2784,u2784,m181
M,2895,u2895,m190
M,2932,u2932,m193
M,3050,u3050,m199
M,3072,u3072,m201
M,3131,u3131,m205
M,3200,u3200,m211
M,3238,u3238,m214
M,3239,u3239,m214
M,3302,u3302,m219
M,3582,u3582,m236
M,3585,u3585,m236
M,3727,u3727,m246
M,3803,u3803,m251
M,3833,u3833,m253
M,4091,u4091,m273
M,4096,u4096,m273
M,4115,u4115,m275
M,4267,u4267,m284
M,4376,u4376,m290
M,4383,u4383,m290
M,4395,u4395,m291
M,4396,u4396,m291
M,4398,u4398,m291
M,4411,u4411,m293
M,4415,u4415,m293
M,4421,u4421,m293
M,4609,u4609,m304
M,4642,u4642,m307
M,4645,u4645,m308
M,4647,u4647,m308
M,4651,u4651,m308
M,4733,u4733,m314
M,4737,u4737,m314
M,4829,u4829,m322
M,4833,u4833,m322
M,4998,u4998,m332
M,5046,u5046,m334
M,5062,u5062,m334
M,5097,u5097,m337
M,5262,u5262,m348
M,5296,u5296,m351
M,5317,u5317,m353
M,5343,u5343,m355
M,5481,u5481,m365
M,5848,u5848,m387
M,5859,u5859,m388
M,5943,u5943,m394
M,6251,u6251,m417
M,6269,u6269,m419
M,6737,u6737,m449
M,6739,u6739,m449
M,6740,u6740,m449
M,6741,u6741,m449
M,6743,u6743,m449
M,6773,u6773,m452
M,6845,u6845,m457
M,7022,u7022,m469
M,7072,u7072,m473
M,7089,u7089,m475
M,7094,u7094,m475
M,7101,u7101,m475
M,7234,u7234,m488
M,7426,u7426,m502
M,7440,u7440,m503
M,7510,u7510,m507
M,7521,u7521,m508
M,7522,u7522,m508
M,7524,u7524,m508
M,7624,u7624,m515
M,7628,u7628,m516
M,7869,u7869,m532
M,7920,u7920,m536
M,7921,u7921,m536
M,7925,u7925,m536
M,7926,u7926,m536
M,7927,u7927,m536
M,7928,u7928,m536
M,8084,u8084,m548
M,8171,u8171,m554
M,8177,u8177,m555
M,8311,u8311,m564
M,8315,u8315,m565
M,8316,u8316,m565
M,8321,u8321,m565
M,8332,u8332,m565
M,8408,u8408,m570
M,8409,u8409,m570
M,8476,u8476,m575
M,8506,u8506,m577
M,8516,u8516,m577
M,8668,u8668,m588
M,8671,u8671,m588
M,8675,u8675,m588
M,8677,u8677,m588
M,8679,u8679,m588
M,8717,u8717,m591
M,8744,u8744,m593
M,8752,u8752,m593
M,8776,u8776,m595
M,8819,u8819,m598
M,8879,u8879,m603
M,8880,u8880,m603
M,8891,u8891,m605
M,8902,u8902,m605
M,8904,u8904,m605
M,8923,u8923,m607
M,9017,u9017,m615
f,0,u0,m0
f,5,u5,m0
f,6,u6,m0
f,27,u27,m2
f,41,u41,m2
f,68,u68,m4
f,85,u85,m5
f,100,u100,m6
f,115,u115,m7
f,123,u123,m8
f,130,u130,m8
f,139,u139,m10
f,143,u143,m10
f,147,u147,m10
f,180,u180,m12
f,198,u198,m13
f,236,u236,m15
f,237,u237,m15
f,244,u244,m16
f,247,u247,m16
f,253,u253,m16
f,269,u269,m17
f,292,u292,m18
f,299,u299,m18
f,326,u326,m19
f,331,u331,m20
f,333,u333,m20
f,334,u334,m20
f,336,u336,m20
f,344,u344,m21
f,353,u353,m21
f,360,u360,m22
f,377,u377,m22
f,380,u380,m23
f,388,u388,m23
f,393,u393,m24
f,416,u416,m25
f,417,u417,m25
f,425,u425,m26
f,450,u450,m27
f,452,u452,m27
f,482,u482,m29
f,493,u493,m30
f,494,u494,m30
f,497,u497,m30
f,502,u502,m31
f,505,u505,m32
f,515,u515,m32
f,517,u517,m32
f,523,u523,m33
f,539,u539,m34
f,540,u540,m34
f,556,u556,m35
f,557,u557,m35
f,571,u571,m36
f,580,u580,m36
f,616,u616,m39
f,619,u619,m39
f,622,u622,m39
f,623,u623,m39
f,636,u636,m40
f,638,u638,m40
f,643,u643,m41
f,650,u650,m41
f,658,u658,m42
f,664,u664,m42
f,682,u682,m43
f,689,u689,m44
f,691,u691,m44
f,706,u706,m44
f,715,u715,m45
f,725,u725,m46
f,730,u730,m46
f,733,u733,m46
f,752,u752,m48
f,755,u755,m48
f,785,u785,m50
f,796,u796,m51
f,797,u797,m51
f,810,u810,m51
f,824,u824,m53
f,833,u833,m53
f,839,u839,m54
f,846,u846,m54
f,859,u859,m55
f,862,u862,m55
f,864,u864,m55
f,874,u874,m56
f,877,u877,m56
f,885,u885,m57
f,887,u887,m57
f,897,u897,m58
f,910,u910,m59
f,915,u915,m59
f,918,u918,m60
f,929,u929,m61
f,935,u935,m61
f,955,u955,m62
f,962,u962,m62
f,972,u972,m63
f,983,u983,m64
f,998,u998,m65
f,1010,u1010,m66
f,1017,u1017,m66
f,1025,u1025,m67
f,1041,u1041,m68
f,1059,u1059,m69
f,1062,u1062,m69
f,1078,u1078,m70
f,1087,u1087,m71
f,1094,u1094,m72
f,1106,u1106,m72
f,1107,u1107,m72
f,1120,u1120,m74
f,1124,u1124,m74
f,1161,u1161,m76
f,1166,u1166,m76
f,1172,u1172,m77
f,1177,u1177,m77
f,1178,u1178,m77
f,1179,u1179,m77
f,1188,u1188,m78
f,1190,u1190,m78
f,1199,u1199,m78
f,1210,u1210,m79
f,1213,u1213,m79
f,1223,u1223,m80
f,1244,u1244,m82
f,1252,u1252,m83
f,1262,u1262,m83
f,1273,u1273,m84
f,1283,u1283,m85
f,1306,u1306,m87
f,1307,u1307,m87
f,1314,u1314,m88
f,1319,u1319,m88
f,1320,u1320,m88
f,1321,u1321,m88
f,1325,u1325,m88
f,1364,u1364,m90
f,1380,u1380,m91
f,1381,u1381,m91
f,1388,u1388,m92
f,1392,u1392,m92
f,1395,u1395,m92
f,1404,u1404,m93
f,1405,u1405,m93
f,1420,u1420,m94
f,1422,u1422,m95
f,1430,u1430,m96
f,1434,u1434,m97
f,1437,u1437,m97
f,1455,u1455,m98
f,1468,u1468,m99
f,1497,u1497,m101
f,1505,u1505,m101
f,1519,u1519,m102
f,1525,u1525,m102
f,1530,u1530,m103
f,1535,u1535,m103
f,1572,u1572,m104
f,1586,u1586,m104
f,1588,u1588,m104
f,1593,u1593,m105
f,1596,u1596,m105
f,1614,u1614,m106
f,1635,u1635,m107
f,1646,u1646,m108
f,1656,u1656,m109
f,1660,u1660,m109
f,1661,u1661,m109
f,1662,u1662,m109
f,1668,u1668,m109
f,1670,u1670,m110
f,1674,u1674,m110
f,1680,u1680,m111
f,1685,u1685,m111
f,1691,u1691,m111
f,1706,u1706,m112
f,1715,u1715,m113
f,1724,u1724,m113
f,1730,u1730,m114
f,1736,u1736,m115
f,1758,u1758,m116
f,1763,u1763,m117
f,1767,u1767,m117
f,1772,u1772,m117
f,1774,u1774,m117
f,1788,u1788,m118
f,1790,u1790,m118
f,1794,u1794,m119
f,1804,u1804,m119
f,1835,u1835,m121
f,1852,u1852,m121
f,1858,u1858,m122
f,1868,u1868,m123
f,1885,u1885,m123
f,1886,u1886,m123
f,1900,u1900,m124
f,1907,u1907,m125
f,1915,u1915,m126
f,1925,u1925,m126
f,1928,u1928,m126
f,1948,u1948,m127
f,1961,u1961,m128
f,1990,u1990,m129
f,2003,u2003,m130
f,2004,u2004,m130
f,2036,u2036,m132
f,2048,u2048,m132
f,2064,u2064,m133
f,2074,u2074,m134
f,2120,u2120,m137
f,2127,u2127,m138
f,2130,u2130,m138
f,2135,u2135,m139
f,2147,u2147,m139
f,2150,u2150,m139
f,2157,u2157,m140
f,2175,u2175,m140
f,2184,u2184,m141
f,2192,u2192,m141
f,2197,u2197,m141
f,2200,u2200,m141
f,2205,u2205,m142
f,2218,u2218,m143
f,2237,u2237,m144
f,2239,u2239,m144
f,2242,u2242,m144
f,2261,u2261,m145
f,2270,u2270,m146
f,2286,u2286,m147
f,2288,u2288,m147
f,2297,u2297,m148
f,2299,u2299,m148
f,2304,u2304,m149
f,2314,u2314,m149
f,2320,u2320,m149
f,2341,u2341,m150
f,2351,u2351,m151
f,2369,u2369,m152
f,2378,u2378,m152
f,2384,u2384,m152
f,2386,u2386,m152
f,2388,u2388,m152
f,2400,u2400,m153
f,2411,u2411,m154
f,2412,u2412,m154
f,2421,u2421,m155
f,2423,u2423,m155
f,2460,u2460,m158
f,2464,u2464,m158
f,2467,u2467,m159
f,2489,u2489,m161
f,2496,u2496,m162
f,2506,u2506,m162
f,2507,u2507,m162
f,2516,u2516,m163
f,2518,u2518,m163
f,2521,u2521,m163
f,2524,u2524,m163
f,2538,u2538,m164
f,2541,u2541,m164
f,2546,u2546,m165
f,2551,u2551,m165
f,2569,u2569,m166
f,2575,u2575,m167
f,2578,u2578,m167
f,2586,u2586,m168
f,2589,u2589,m168
f,2595,u2595,m169
f,2627,u2627,m171
f,2629,u2629,m171
f,2637,u2637,m172
f,2654,u2654,m173
f,2657,u2657,m173
f,2670,u2670,m174
f,2675,u2675,m174
f,2680,u2680,m174
f,2687,u2687,m175
f,2688,u2688,m175
f,2711,u2711,m177
f,2737,u2737,m178
f,2742,u2742,m178
f,2749,u2749,m179
f,2766,u2766,m180
f,2788,u2788,m182
f,2803,u2803,m183
f,2807,u2807,m184
f,2812,u2812,m184
f,2843,u2843,m186
f,2844,u2844,m186
f,2848,u2848,m187
f,2851,u2851,m188
f,2852,u2852,m188
f,2873,u2873,m189
f,2901,u2901,m191
f,2923,u2923,m192
f,2940,u2940,m193
f,2957,u2957,m194
f,2971,u2971,m195
f,2987,u2987,m195
f,2991,u2991,m196
f,2992,u2992,m196
f,3001,u3001,m196
f,3024,u3024,m198
f,3026,u3026,m198
f,3043,u3043,m199
f,3055,u3055,m200
f,3058,u3058,m200
f,3073,u3073,m201
f,3081,u3081,m202
f,3086,u3086,m202
f,3104,u3104,m203
f,3122,u3122,m204
f,3123,u3123,m204
f,3129,u3129,m205
f,3132,u3132,m205
f,3145,u3145,m207
f,3162,u3162,m208
f,3164,u3164,m208
f,3168,u3168,m208
f,3171,u3171,m208
f,3174,u3174,m208
f,3183,u3183,m209
f,3189,u3189,m210
f,3192,u3192,m210
f,3201,u3201,m211
f,3213,u3213,m212
f,3217,u3217,m212
f,3232,u3232,m214
f,3235,u3235,m214
f,3248,u3248,m215
f,3250,u3250,m215
f,3254,u3254,m215
f,3261,u3261,m216
f,3266,u3266,m216
f,3276,u3276,m217
f,3277,u3277,m217
f,3311,u3311,m220
f,3338,u3338,m221
f,3340,u3340,m221
f,3352,u3352,m222
f,3362,u3362,m223
f,3380,u3380,m224
f,3390,u3390,m224
f,3413,u3413,m225
f,3414,u3414,m225
f,3419,u3419,m225
f,3437,u3437,m226
f,3443,u3443,m227
f,3486,u3486,m229
f,3488,u3488,m229
f,3500,u3500,m230
f,3504,u3504,m230
f,3512,u3512,m231
f,3516,u3516,m231
f,3518,u3518,m231
f,3525,u3525,m232
f,3532,u3532,m233
f,3543,u3543,m233
f,3549,u3549,m234
f,3555,u3555,m234
f,3557,u3557,m234
f,3567,u3567,m235
f,3570,u3570,m235
f,3601,u3601,m238
f,3602,u3602,m238
f,3603,u3603,m238
f,3604,u3604,m238
f,3606,u3606,m238
f,3612,u3612,m239
f,3640,u3640,m240
f,3641,u3641,m240
f,3646,u3646,m240
f,3654,u3654,m240
f,3664,u3664,m241
f,3667,u3667,m242
f,3680,u3680,m243
f,3686,u3686,m243
f,3696,u3696,m243
f,3703,u3703,m244
f,3704,u3704,m244
f,3708,u3708,m244
f,3710,u3710,m244
f,3713,u3713,m244
f,3714,u3714,m244
f,3715,u3715,m244
f,3717,u3717,m245
f,3730,u3730,m246
f,3732,u3732,m246
f,3739,u3739,m246
f,3765,u3765,m248
f,3777,u3777,m249
f,3780,u3780,m249
f,3794,u3794,m250
f,3816,u3816,m252
f,3819,u3819,m252
f,3842,u3842,m254
f,3857,u3857,m255
f,3864,u3864,m256
f,3878,u3878,m257
f,3879,u3879,m257
f,3899,u3899,m258
f,3918,u3918,m259
f,3926,u3926,m260
f,3935,u3935,m261
f,3956,u3956,m262
f,3957,u3957,m263
f,3980,u3980,m265
f,3983,u3983,m265
f,3986,u3986,m265
f,3998,u3998,m266
f,4008,u4008,m266
f,4012,u4012,m266
f,4029,u4029,m267
f,4032,u4032,m267
f,4037,u4037,m268
f,4039,u4039,m268
f,4040,u4040,m268
f,4041,u4041,m268
f,4060,u4060,m269
f,4076,u4076,m271
f,4086,u4086,m272
f,4099,u4099,m274
f,4125,u4125,m276
f,4139,u4139,m276
f,4141,u4141,m276
f,4168,u4168,m278
f,4174,u4174,m278
f,4178,u4178,m278
f,4180,u4180,m279
f,4181,u4181,m279
f,4183,u4183,m279
f,4202,u4202,m280
f,4210,u4210,m281
f,4214,u4214,m281
f,4222,u4222,m282
f,4240,u4240,m283
f,4263,u4263,m284
f,4278,u4278,m285
f,4284,u4284,m286
f,4286,u4286,m286
f,4300,u4300,m287
f,4307,u4307,m287
f,4311,u4311,m287
f,4315,u4315,m288
f,4349,u4349,m289
f,4362,u4362,m289
f,4385,u4385,m290
f,4408,u4408,m292
f,4424,u4424,m293
f,4434,u4434,m294
f,4438,u4438,m294
f,4445,u4445,m294
f,4476,u4476,m296
f,4495,u4495,m297
f,4504,u4504,m298
f,4505,u4505,m298
f,4515,u4515,m298
f,4522,u4522,m299
f,4540,u4540,m299
f,4548,u4548,m300
f,4562,u4562,m301
f,4575,u4575,m302
f,4602,u4602,m304
f,4615,u4615,m305
f,4630,u4630,m306
f,4631,u4631,m306
f,4641,u4641,m307
f,4649,u4649,m308
f,4653,u4653,m308
f,4668,u4668,m309
f,4688,u4688,m310
f,4704,u4704,m312
f,4707,u4707,m312
f,4708,u4708,m312
f,4710,u4710,m312
f,4718,u4718,m313
f,4719,u4719,m313
f,4720,u4720,m313
f,4722,u4722,m313
f,4725,u4725,m313
f,4754,u4754,m316
f,4770,u4770,m317
f,4778,u4778,m318
f,4795,u4795,m319
f,4805,u4805,m320
f,4869,u4869,m324
f,4874,u4874,m325
f,4892,u4892,m326
f,4902,u4902,m326
f,4907,u4907,m327
f,4914,u4914,m327
f,4931,u4931,m328
f,4940,u4940,m329
f,4945,u4945,m329
f,4958,u4958,m330
f,4963,u4963,m330
f,4972,u4972,m330
f,4986,u4986,m331
f,4988,u4988,m331
f,5001,u5001,m332
f,5036,u5036,m333
f,5039,u5039,m333
f,5051,u5051,m334
f,5054,u5054,m334
f,5064,u5064,m335
f,5073,u5073,m336
f,5076,u5076,m336
f,5138,u5138,m341
f,5151,u5151,m341
f,5153,u5153,m341
f,5172,u5172,m342
f,5173,u5173,m342
f,5182,u5182,m343
f,5194,u5194,m344
f,5201,u5201,m344
f,5222,u5222,m346
f,5243,u5243,m347
f,5265,u5265,m348
f,5273,u5273,m349
f,5281,u5281,m349
f,5292,u5292,m350
f,5297,u5297,m351
f,5305,u5305,m352
f,5312,u5312,m352
f,5319,u5319,m353
f,5323,u5323,m353
f,5327,u5327,m353
f,5331,u5331,m354
f,5356,u5356,m355
f,5357,u5357,m355
f,5362,u5362,m356
f,5366,u5366,m356
f,5373,u5373,m356
f,5399,u5399,m358
f,5406,u5406,m359
f,5408,u5408,m359
f,5411,u5411,m359
f,5435,u5435,m362
f,5438,u5438,m362
f,5440,u5440,m362
f,5443,u5443,m362
f,5450,u5450,m363
f,5451,u5451,m363
f,5452,u5452,m363
f,5456,u5456,m363
f,5461,u5461,m363
f,5488,u5488,m365
f,5495,u5495,m366
f,5511,u5511,m367
f,5514,u5514,m367
f,5518,u5518,m367
f,5541,u5541,m369
f,5561,u5561,m370
f,5568,u5568,m370
f,5585,u5585,m371
f,5594,u5594,m372
f,5616,u5616,m373
f,5640,u5640,m374
f,5661,u5661,m375
f,5667,u5667,m375
f,5669,u5669,m375
f,5674,u5674,m376
f,5676,u5676,m376
f,5678,u5678,m376
f,5695,u5695,m377
f,5697,u5697,m377
f,5712,u5712,m378
f,5719,u5719,m378
f,5722,u5722,m379
f,5725,u5725,m379
f,5726,u5726,m379
f,5730,u5730,m379
f,5735,u5735,m380
f,5745,u5745,m380
f,5746,u5746,m380
f,5747,u5747,m380
f,5749,u5749,m380
f,5767,u5767,m381
f,5771,u5771,m381
f,5783,u5783,m382
f,5800,u5800,m383
f,5803,u5803,m384
f,5804,u5804,m384
f,5805,u5805,m384
f,5806,u5806,m385
f,5811,u5811,m385
f,5826,u5826,m386
f,5829,u5829,m386
f,5840,u5840,m387
f,5914,u5914,m390
f,5919,u5919,m391
f,5925,u5925,m391
f,5929,u5929,m392
f,5930,u5930,m392
f,5937,u5937,m393
f,5941,u5941,m393
f,5942,u5942,m393
f,5946,u5946,m394
f,5958,u5958,m395
f,5975,u5975,m396
f,5976,u5976,m396
f,5981,u5981,m396
f,5986,u5986,m397
f,5999,u5999,m397
f,6001,u6001,m398
f,6007,u6007,m398
f,6011,u6011,m399
f,6019,u6019,m400
f,6020,u6020,m400
f,6029,u6029,m401
f,6035,u6035,m401
f,6040,u6040,m402
f,6054,u6054,m402
f,6073,u6073,m403
f,6074,u6074,m403
f,6095,u6095,m404
f,6096,u6096,m404
f,6107,u6107,m405
f,6109,u6109,m405
f,6125,u6125,m407
f,6130,u6130,m408
f,6134,u6134,m408
f,6137,u6137,m408
f,6145,u6145,m409
f,6155,u6155,m410
f,6160,u6160,m410
f,6163,u6163,m411
f,6168,u6168,m411
f,6188,u6188,m413
f,6196,u6196,m414
f,6204,u6204,m415
f,6220,u6220,m416
f,6223,u6223,m416
f,6258,u6258,m418
f,6266,u6266,m419
f,6278,u6278,m420
f,6297,u6297,m421
f,6323,u6323,m423
f,6326,u6326,m423
f,6340,u6340,m423
f,6342,u6342,m423
f,6347,u6347,m423
f,6365,u6365,m424
f,6379,u6379,m425
f,6384,u6384,m425
f,6387,u6387,m426
f,6393,u6393,m426
f,6404,u6404,m427
f,6409,u6409,m427
f,6410,u6410,m427
f,6412,u6412,m427
f,6415,u6415,m427
f,6420,u6420,m428
f,6431,u6431,m428
f,6432,u6432,m428
f,6438,u6438,m428
f,6439,u6439,m428
f,6447,u6447,m428
f,6473,u6473,m430
f,6490,u6490,m431
f,6492,u6492,m431
f,6506,u6506,m432
f,6524,u6524,m433
f,6527,u6527,m433
f,6542,u6542,m434
f,6544,u6544,m435
f,6555,u6555,m435
f,6567,u6567,m436
f,6576,u6576,m437
f,6611,u6611,m440
f,6612,u6612,m441
f,6617,u6617,m441
f,6618,u6618,m441
f,6626,u6626,m442
f,6632,u6632,m443
f,6641,u6641,m443
f,6649,u6649,m444
f,6658,u6658,m444
f,6660,u6660,m444
f,6704,u6704,m446
f,6706,u6706,m447
f,6715,u6715,m448
f,6717,u6717,m448
f,6719,u6719,m448
f,6733,u6733,m448
f,6756,u6756,m450
f,6758,u6758,m450
f,6760,u6760,m450
f,6770,u6770,m451
f,6772,u6772,m451
f,6774,u6774,m452
f,6775,u6775,m452
f,6789,u6789,m453
f,6793,u6793,m453
f,6829,u6829,m455
f,6830,u6830,m455
f,6854,u6854,m458
f,6855,u6855,m458
f,6860,u6860,m458
f,6872,u6872,m459
f,6880,u6880,m460
f,6886,u6886,m461
f,6889,u6889,m461
f,6896,u6896,m462
f,6927,u6927,m463
f,6940,u6940,m464
f,6944,u6944,m464
f,6953,u6953,m465
f,6970,u6970,m466
f,6971,u6971,m466
f,6974,u6974,m467
f,6983,u6983,m467
f,7004,u7004,m468
f,7016,u7016,m469
f,7023,u7023,m469
f,7025,u7025,m469
f,7039,u7039,m471
f,7055,u7055,m472
f,7106,u7106,m476
f,7116,u7116,m476
f,7122,u7122,m477
f,7135,u7135,m479
f,7142,u7142,m479
f,7144,u7144,m480
f,7173,u7173,m482
f,7202,u7202,m485
f,7206,u7206,m485
f,7216,u7216,m486
f,7223,u7223,m487
f,7226,u7226,m487
f,7227,u7227,m487
f,7260,u7260,m490
f,7264,u7264,m491
f,7276,u7276,m491
f,7288,u7288,m492
f,7291,u7291,m492
f,7303,u7303,m493
f,7306,u7306,m493
f,7311,u7311,m494
f,7329,u7329,m495
f,7333,u7333,m495
f,7341,u7341,m496
f,7352,u7352,m497
f,7367,u7367,m498
f,7370,u7370,m498
f,7372,u7372,m499
f,7373,u7373,m499
f,7374,u7374,m499
f,7377,u7377,m499
f,7394,u7394,m500
f,7409,u7409,m501
f,7415,u7415,m501
f,7434,u7434,m503
f,7437,u7437,m503
f,7467,u7467,m505
f,7470,u7470,m505
f,7472,u7472,m505
f,7484,u7484,m505
f,7492,u7492,m506
f,7493,u7493,m506
f,7497,u7497,m506
f,7503,u7503,m507
f,7506,u7506,m507
f,7515,u7515,m507
f,7517,u7517,m507
f,7526,u7526,m508
f,7539,u7539,m509
f,7546,u7546,m510
f,7569,u7569,m511
f,7580,u7580,m512
f,7586,u7586,m513
f,7587,u7587,m513
f,7593,u7593,m513
f,7594,u7594,m513
f,7598,u7598,m513
f,7619,u7619,m514
f,7632,u7632,m516
f,7633,u7633,m516
f,7635,u7635,m516
f,7637,u7637,m516
f,7650,u7650,m517
f,7667,u7667,m518
f,7668,u7668,m518
f,7675,u7675,m519
f,7677,u7677,m519
f,7684,u7684,m519
f,7694,u7694,m520
f,7722,u7722,m522
f,7729,u7729,m523
f,7735,u7735,m524
f,7750,u7750,m524
f,7779,u7779,m526
f,7800,u7800,m527
f,7806,u7806,m528
f,7831,u7831,m530
f,7833,u7833,m530
f,7856,u7856,m532
f,7863,u7863,m532
f,7883,u7883,m533
f,7889,u7889,m534
f,7890,u7890,m534
f,7897,u7897,m534
f,7901,u7901,m534
f,7931,u7931,m537
f,7934,u7934,m537
f,7940,u7940,m537
f,7944,u7944,m538
f,7950,u7950,m538
f,7952,u7952,m538
f,7953,u7953,m538
f,7956,u7956,m539
f,7965,u7965,m539
f,7968,u7968,m540
f,7974,u7974,m540
f,7975,u7975,m540
f,7978,u7978,m540
f,7979,u7979,m540
f,7988,u7988,m541
f,7997,u7997,m541
f,8004,u8004,m542
f,8018,u8018,m543
f,8027,u8027,m544
f,8033,u8033,m544
f,8041,u8041,m545
f,8046,u8046,m545
f,8048,u8048,m545
f,8062,u8062,m546
f,8063,u8063,m546
f,8067,u8067,m546
f,8074,u8074,m547
f,8083,u8083,m548
f,8096,u8096,m549
f,8103,u8103,m550
f,8110,u8110,m550
f,8123,u8123,m551
f,8124,u8124,m551
f,8126,u8126,m552
f,8131,u8131,m552
f,8144,u8144,m553
f,8149,u8149,m553
f,8170,u8170,m554
f,8180,u8180,m555
f,8198,u8198,m556
f,8203,u8203,m557
f,8207,u8207,m557
f,8211,u8211,m558
f,8236,u8236,m560
f,8250,u8250,m560
f,8262,u8262,m561
f,8268,u8268,m561
f,8272,u8272,m562
f,8286,u8286,m563
f,8292,u8292,m564
f,8295,u8295,m564
f,8299,u8299,m564
f,8306,u8306,m564
f,8378,u8378,m568
f,8391,u8391,m569
f,8396,u8396,m569
f,8398,u8398,m569
f,8401,u8401,m569
f,8406,u8406,m569
f,8410,u8410,m570
f,8414,u8414,m571
f,8440,u8440,m573
f,8443,u8443,m573
f,8462,u8462,m574
f,8465,u8465,m575
f,8471,u8471,m575
f,8475,u8475,m575
f,8487,u8487,m576
f,8490,u8490,m576
f,8527,u8527,m578
f,8533,u8533,m578
f,8540,u8540,m579
f,8548,u8548,m580
f,8553,u8553,m581
f,8563,u8563,m581
f,8580,u8580,m582
f,8624,u8624,m585
f,8631,u8631,m586
f,8666,u8666,m587
f,8676,u8676,m588
f,8687,u8687,m589
f,8689,u8689,m589
f,8702,u8702,m590
f,8709,u8709,m591
f,8713,u8713,m591
f,8748,u8748,m593
f,8759,u8759,m594
f,8761,u8761,m594
f,8762,u8762,m594
f,8764,u8764,m594
f,8797,u8797,m596
f,8802,u8802,m597
f,8808,u8808,m598
f,8834,u8834,m599
f,8843,u8843,m599
f,8858,u8858,m601
f,8859,u8859,m601
f,8862,u8862,m601
f,8864,u8864,m601
f,8885,u8885,m604
f,8894,u8894,m605
f,8900,u8900,m605
f,8909,u8909,m606
f,8912,u8912,m606
f,8918,u8918,m606
f,8920,u8920,m607
f,8933,u8933,m608
f,8945,u8945,m609
f,8950,u8950,m610
f,8951,u8951,m610
f,8966,u8966,m611
f,8968,u8968,m611
f,8985,u8985,m612
f,9015,u9015,m615
f,9020,u9020,m615
F,461,u461,m28
F,1138,u1138,m75
F,1326,u1326,m89
F,1479,u1479,m100
F,1741,u1741,m115
F,1786,u1786,m118
F,1992,u1992,m129
F,2012,u2012,m130
F,2484,u2484,m160
F,2485,u2485,m161
F,2768,u2768,m181
F,2820,u2820,m185
F,2871,u2871,m189
F,4090,u4090,m273
F,4093,u4093,m273
F,4112,u4112,m275
F,4386,u4386,m290
F,4393,u4393,m291
F,4595,u4595,m303
F,4640,u4640,m307
F,4646,u4646,m308
F,4681,u4681,m310
F,4729,u4729,m314
F,4732,u4732,m314
F,4831,u4831,m322
F,5099,u5099,m337
F,5218,u5218,m345
F,5355,u5355,m355
F,5856,u5856,m388
F,6231,u6231,m416
F,6742,u6742,m449
F,6851,u6851,m457
F,6913,u6913,m463
F,7088,u7088,m475
F,7175,u7175,m482
F,7878,u7878,m533
F,7885,u7885,m533
F,8329,u8329,m565
F,8674,u8674,m588
F,8719,u8719,m591
F,8749,u8749,m593
F,8773,u8773,m595
F,8872,u8872,m603
F,8899,u8899,m605
F,8994,u8994,m613
